Density, %GOP
34.92626,73.21248
34.9071,78.20596
11.685455,48.53663
14.111849,73.592606
34.035706,87.507385
6.718548,23.54936
10.3925,53.778576
74.71329,66.136505
21.861834,52.571114
16.729162,77.90021
24.08154,80.39998
5.806624,52.29994
7.9426727,54.1582
8.878438,73.06756
10.308445,84.4391
28.484688,74.9245
33.716496,60.330864
5.98481,49.16249
6.64258,58.052147
13.979561,79.383125
8.769764,67.86947
41.16514,85.1914
34.52494,71.2693
17.027378,30.091461
35.25078,77.771645
46.77301,74.57555
15.514986,62.84687
73.450836,69.4658
10.588652,76.993744
18.93094,70.46936
17.890066,81.814125
5.2679543,15.038585
9.261744,37.24146
11.76524,64.7902
67.514145,70.29017
18.217377,71.25846
226.16037,46.969982
9.266452,76.84611
49.794292,65.654015
18.459768,63.659237
88.2419,60.113243
52.94688,72.03182
6.001891,23.383549
13.6306715,12.752002
159.63686,59.469048
8.240512,46.37037
15.97394,81.172035
57.762245,80.43736
97.02249,54.6678
8.575198,53.919262
110.862465,37.800663
77.09538,72.4882
5.6219463,24.900661
8.556284,53.506847
18.943138,56.918556
15.159137,70.12142
31.75168,44.089287
93.359505,78.12846
49.49369,83.357765
5.818175,22.626696
41.672104,58.066174
20.935205,66.30558
55.72846,58.815277
32.146244,76.75632
6.2435803,65.9289
4.9392977,25.615162
14.90342,86.59858
,57.21182
2.4655054,32.487988
8.177928,62.24136
2.7850418,42.395588
4.307422,63.786682
3.0878189,69.12016
1.7447722,54.827587
1.7513622,66.43864
160.10155,56.095688
5.777812,71.60946
4.170322,54.245014
41.26608,46.983307
27.605944,58.726776
14.803182,30.865097
10.029916,65.6622
13.769974,56.48527
7.0380273,61.32997
8.980268,63.022926
27.31459,72.57688
97.80846,70.591736
23.675373,74.76015
6.7898483,59.41094
3.2516754,68.838524
16.636229,62.382797
6.592792,38.66636
10.039094,53.281807
9.67966,64.98086
16.95719,76.850296
5.605894,73.21485
12.332113,61.945007
14.487342,60.034603
52.36747,65.94505
39.631084,75.636345
30.859684,40.512955
11.070332,65.19016
4.6771536,55.448185
6.1145396,43.4375
8.551978,59.646698
66.300835,66.28121
11.289129,72.86029
7.6236496,67.0075
50.54419,65.273285
10.913942,76.69949
28.072956,69.39681
11.770644,63.466667
20.446035,64.9528
8.966005,66.219345
13.607693,72.68183
9.038361,69.5559
10.825316,59.422256
32.661114,35.278633
14.459329,64.43167
5.4096813,59.341423
11.361969,66.43488
6.5013614,37.791557
9.517552,60.695557
8.977387,68.5639
11.780335,71.65232
33.053616,76.9163
7.2455277,67.002045
10.034433,70.213394
26.384657,70.15724
19.44444,50.59031
5.049172,50.031567
4.578206,72.01946
5.585736,60.302116
5.3483486,71.63667
13.633059,54.387695
7.214595,68.48952
11.509243,33.346203
7.103274,77.008385
12.423584,67.54147
9.255702,79.26992
28.748583,74.25533
4.9764915,71.017845
183.29387,44.16366
10.57661,64.453735
,41.4032
56.929443,71.922325
4.849495,74.60993
4.724413,76.82892
88.996544,69.027725
11.394997,75.05386
9.754309,70.16543
7.8811755,73.562096
15.200714,63.372437
9.225922,70.49127
82.41463,58.44386
28.65456,77.62903
4.722276,47.79899
9.032919,70.14407
,18.963808
0.6038367,37.76
24.267637,59.73564
50.651443,52.02198
16.935253,58.731396
7.1726155,61.033108
506.74942,32.821815
8.988332,55.619446
39.117897,59.33639
59.88004,51.491764
,63.124718
12.827796,36.058514
15.087101,35.340073
0.6991518,56.063965
39.874023,59.735
42.463463,58.31806
18.812094,41.412395
2.8475852,70.46094
798.4298,29.766077
27.163084,59.928047
117.877266,24.119549
4.820867,59.00985
8.742754,30.174139
50.270424,47.2492
0.8906163,71.40288
4.5415072,46.105526
42.630554,32.66579
67.0485,36.84477
39.151314,52.3951
1229.0096,54.23138
89.970535,60.249542
2.9477046,58.810326
,50.213936
551.83276,41.39146
15.410777,41.257072
39.215668,47.23527
264.8899,47.397194
1340.7177,13.761603
186.1903,44.380985
28.841488,49.49411
,27.134312
43.27014,41.217785
,28.430145
167.2134,21.897287
17.795425,65.109505
1.2959707,61.8267
2.7311847,58.062992
176.28946,35.66956
105.853134,26.835518
131.3563,49.621857
60.140007,61.107872
8.295199,64.144325
1.6570617,50.574234
35.212788,59.103073
9.375966,58.20818
,47.100662
75.804726,32.93289
43.384933,60.05631
144.9265,42.275726
8.263866,41.590733
275.7532,45.754112
3.4387312,59.230057
0.5740948,77.083336
1.6203262,57.509556
151.75151,28.71174
787.83093,46.995354
6.771053,49.909237
0.39780882,84.117645
8.891075,43.913685
2.4796073,45.143433
1.1099652,25.042686
2.815167,63.331047
2.2310443,67.32373
10.379729,70.32149
1504.1284,24.955816
0.7458134,71.80805
131.44144,63.456356
11.880629,42.51426
113.68424,60.942753
4.822418,74.1271
11.793734,66.3271
7.3326755,52.527218
14.072136,41.587902
3.0539236,53.71569
1.8137326,40.500717
0.28949067,60.689655
1.6171209,45.985195
0.3310808,73.52941
265.73306,47.76319
0.30330423,85.157234
1.4727958,77.15031
11.683451,45.457508
7.3299084,37.56047
44.056103,47.30511
1.247494,48.614372
0.81804085,75.59091
4.75523,69.598816
16.907946,66.76094
0.31046483,54.17323
1.1230364,78.14458
4.831955,62.169
7.0892696,68.606834
8.353413,63.20681
5.733161,54.751934
3.1707394,47.26688
2.8411949,57.74472
2.507419,73.57304
6.8117466,30.67056
2.9439116,68.11409
25.676277,43.29979
0.7936477,82.67449
5.0900283,54.3609
3.8236833,42.04706
0.74760103,34.71656
0.705532,44.351463
2.2062979,27.868454
1.6658554,67.76923
17.827229,37.47272
16.19695,67.008385
0.73686767,81.70635
24.406513,56.801617
1.6374707,78.32535
423.62326,44.50652
459.68622,37.026306
77.52727,51.858727
145.67221,41.917118
386.29834,37.486073
137.04527,40.73513
141.4171,43.618855
87.78896,43.223732
78.60701,47.494053
421.2789,32.715878
63.891514,56.594307
98.57253,41.187004
17.763977,79.528534
63.277023,72.06971
36.657825,71.19584
134.85751,56.430298
512.49854,32.447327
9.842915,72.40464
71.97232,57.207573
70.56579,61.081932
114.77307,73.10974
54.060833,65.12626
32.593094,68.53222
21.084797,57.237988
7.329238,73.75182
363.9875,51.82455
131.32939,60.392303
64.9267,53.749252
4.3070683,65.92798
33.946274,29.59457
18.464384,75.83953
5.027551,59.386875
8.217497,71.27569
10.962623,58.49338
16.829332,65.60447
12.698867,52.988323
113.41963,54.30185
34.46468,61.608692
376.15164,46.61849
15.684117,84.553345
86.52443,61.25007
20.088228,64.63221
8.947023,49.11647
6.26641,79.5231
99.48977,58.648705
197.65436,58.333332
151.73265,38.04894
11.137352,66.32912
3.8275867,70.95282
10.371911,51.734505
139.84984,56.292244
76.94345,58.198788
75.11199,61.550648
397.5429,38.082253
7.563346,49.795475
39.091515,74.48911
64.51724,74.99278
17.332611,60.134636
441.782,40.808014
69.15536,37.651
214.07536,41.43914
207.07887,53.370106
581.83307,47.14989
115.81604,53.44388
34.673767,62.35803
49.995956,76.612755
202.39368,53.745537
473.63095,53.27173
89.93781,69.06595
156.423,46.04042
62.7882,67.55647
23.175056,72.7398
7.074883,69.35627
24.020187,74.826096
133.37024,50.593697
16.186914,64.22792
17.246729,76.32159
15.61332,74.02597
13.817515,74.867615
9.3899145,67.57322
14.962134,79.62915
3.751497,49.809402
64.8738,47.24679
30.371721,87.29615
165.15698,75.669014
82.28576,76.20494
26.820421,57.51313
16.294691,79.23014
235.70554,39.919556
23.180233,73.90767
15.893244,84.09014
12.566153,53.178318
25.845882,72.07527
39.61834,59.664574
10.810398,44.30471
48.10833,68.011215
9.116905,40.504585
24.997032,64.03033
17.089285,66.99057
84.790016,69.09549
151.59839,76.91446
6.3226075,67.85714
162.31868,43.937103
17.133091,50.20576
31.969011,70.99556
191.48975,79.42276
372.39075,35.22327
5.631398,38.38456
696.1663,14.810088
3.1844058,65.22449
771.9234,56.404488
27.308884,64.6746
31.552242,69.94171
156.61458,71.759766
28.586473,65.82999
110.72822,72.33752
14.938364,66.45607
32.175636,56.942364
36.868317,76.04913
40.34587,87.693375
17.233295,55.944595
987.1364,21.293194
16.74056,68.12125
14.450142,46.538372
109.1701,30.387783
256.0822,48.001316
8.216643,48.063183
3.7133672,84.12844
41.904476,75.93513
20.714638,60.440517
12.669187,63.53529
22.732538,64.16643
23.377449,79.4838
207.62206,65.88166
71.76953,70.23052
276.3288,81.909775
31.998579,80.304825
668.22375,35.006905
25.324547,82.02299
8.258296,86.575134
52.682156,63.624714
59.52336,79.31367
21.05096,63.397923
15.224408,61.328976
714.1485,54.74949
59.61611,84.098305
162.1377,78.61729
7.6341825,18.794588
39.277367,82.52493
26.252499,72.99465
38.012962,69.42994
15.208065,76.913704
244.52899,51.630924
143.061,60.46548
10.226921,68.95702
68.37385,81.86488
14.384886,69.144295
17.379208,75.85945
12.302089,41.383125
9.151279,55.888462
12.538888,65.15354
28.0144,64.43556
37.879528,65.29741
19.517462,62.054794
22.828585,61.40838
30.34315,76.387344
40.176395,34.770096
11.976679,63.88889
14.026142,61.59614
82.90391,55.29848
40.62472,80.8182
13.938668,32.485283
38.039165,77.249016
9.218058,55.092297
31.743114,57.53468
9.594807,54.34956
16.704302,52.869434
8.356936,69.18604
17.666052,50.43721
25.669003,68.848404
14.268585,70.10798
19.459549,69.19028
44.00341,76.85092
332.5912,39.282394
138.4875,48.99003
26.454407,74.69747
,68.95992
175.02809,72.09726
70.98143,46.23063
48.79801,84.22776
21.111032,83.44624
31.588093,83.0942
51.199375,73.08668
18.437151,66.72127
22.719065,68.03988
,45.454544
16.667938,78.689644
6.8916097,41.661106
236.47462,32.984592
249.85197,41.7348
11.523312,74.16378
8.537802,54.261646
13.13198,60.338802
123.6743,60.12104
54.90415,77.245445
5.0451794,36.150463
25.759201,45.750298
6.6908083,34.679745
3.3640387,33.54232
20.253748,71.28563
8.946393,55.356636
14.318825,57.87999
10.719476,41.891273
31.30715,59.311848
56.977646,66.403595
28.56842,70.40717
23.60835,79.258896
13.144675,60.64849
58.149067,58.992805
11.915912,57.340878
9.54619,45.639675
25.041483,80.408875
31.892273,64.63698
59.498604,75.50897
98.328514,78.09565
15.497356,67.08668
7.810834,39.363815
11.947717,46.154728
17.926086,74.43579
5.13332,51.067463
9.965297,63.891487
43.35991,83.813126
136.36836,72.83918
9.366254,65.9376
8.544751,55.81988
8.155981,50.734463
14.53087,70.22755
14.070376,23.755533
173.47115,30.185984
20.493717,24.722322
24.951792,24.343931
143.31894,55.852825
1.1143415,71.00503
27.946121,61.389668
2.1991994,89.179504
4.573636,69.04256
8.3307,77.85888
3.0954916,39.66368
1.4207021,70.55916
8.229607,63.620083
21.249226,76.50775
3.3277895,71.92299
0.5008099,79.507545
0.39647934,71.65775
121.07882,69.07294
1.4984798,87.13665
3.4556143,86.740265
0.21437967,78.07309
1.3575649,71.11671
0.34175944,76.693054
3.3717017,67.5323
7.3972087,94.11232
2.6978278,85.83173
11.370913,73.073746
8.153383,74.17219
,77.17088
9.151598,88.36399
14.405715,73.8736
40.755783,67.640236
13.376987,47.744576
0.67225707,75.933815
3.0751426,74.760994
1.6692674,72.675156
30.6939,94.17245
10.162128,79.654564
17.733635,60.70776
1.3793033,89.44039
0.57641935,77.03336
21.315664,72.55589
2.1049657,65.56802
1.8648909,54.240353
8.70228,56.06752
15.518183,72.39145
1.0116827,55.978146
2.6762588,73.91304
29.762669,67.90786
12.556713,43.09344
17.920986,57.562965
74.17543,52.90187
8.696732,65.75283
15.444529,50.10142
6.924008,57.14853
12.7248,49.257874
13.707632,56.905613
77.905205,46.49369
18.768015,61.789692
12.462308,66.51133
11.344009,72.57589
29.0444,65.295586
40.839767,55.679043
1227.9633,24.980309
17.168562,66.14089
12.290734,68.130585
64.05763,47.17419
,63.785892
18.495869,68.72502
1051.6896,49.478176
11.467358,66.66233
11.655783,76.109
27.530691,76.41625
11.7886305,67.629005
11.181073,71.86597
35.44794,58.59527
16.205359,44.306168
6.5778623,59.20635
9.811662,63.00969
45.009636,54.57913
7.492684,66.962425
9.055161,59.70705
9.14553,67.41326
7.1658607,43.755333
23.578876,48.42546
10.242067,72.78607
38.64543,44.676064
7.518138,71.001015
25.643396,61.7249
23.517412,62.262592
,49.414604
13.951674,71.591324
380.48602,49.552105
64.35659,51.724136
137.75241,52.096172
28.390842,41.27723
198.8347,45.90539
38.288353,50.199005
17.377693,65.71721
19.036585,53.71879
14.365956,66.02751
18.882204,66.3477
73.10003,52.671215
21.258305,53.609512
140.51718,50.699112
26.436604,59.777187
12.224633,57.274788
10.031113,53.24527
24.630764,67.158554
21.342941,50.764526
195.4075,54.49653
55.29074,55.649464
15.576466,65.30882
11.152178,46.245674
32.022224,63.679466
16.36203,57.264885
23.978832,57.888615
16.663002,63.835896
27.049417,58.521362
113.98518,47.761097
19.303381,59.044037
14.673637,63.723064
7.4678245,68.074066
4.5868936,69.953705
11.706694,52.93121
13.479903,49.051666
21.630775,59.01546
17.308468,66.80731
126.27561,38.906345
24.87715,64.790474
87.09179,54.435783
6.601384,54.43506
8.166137,63.541668
11.230646,67.20731
154.89857,42.635292
7.9593353,58.237988
32.59454,52.359848
79.47308,59.120552
16.256548,61.229286
34.923836,58.018005
20.211092,68.6228
12.58494,47.055622
10.061932,66.164474
9.032417,79.807945
11.260031,68.37768
32.38051,41.17898
308.73297,48.138176
57.738796,62.73244
219.5664,47.101425
27.49218,69.9422
39.08603,70.163315
208.13597,58.509693
72.59193,62.995995
8.445747,66.77179
29.844526,58.44296
51.87004,69.31412
18.54752,58.624424
20.758778,65.490555
36.244293,61.114735
73.03716,55.02955
28.848265,66.05891
31.668003,65.71281
13.4061165,54.23957
28.026423,75.81142
62.996277,70.220825
26.690735,70.7654
44.821793,66.14183
114.73572,48.40519
37.175865,64.117516
162.98048,63.46742
43.63493,58.67163
194.7155,57.30107
16.745968,67.60482
22.784964,71.85322
21.80483,66.97329
24.628326,65.81339
65.128456,61.236206
23.466667,66.0858
264.86032,67.44763
88.33691,70.9762
31.223534,61.692493
137.69969,67.74095
48.409462,58.73489
108.6812,57.330204
36.923508,70.26782
31.991644,64.08932
23.075281,62.99992
21.319073,60.25175
34.424786,55.333748
29.089426,61.550858
167.90408,69.61719
28.301142,64.77089
53.90516,76.67177
37.058823,68.24857
306.00137,34.332226
70.2158,43.56753
39.422565,66.78927
112.20998,52.297737
866.851,38.717026
40.345955,64.72752
11.703084,70.7132
37.677223,65.92102
130.08919,41.52891
26.747053,69.71168
65.23427,71.08491
13.626348,59.803745
43.87986,67.13181
27.120346,63.91415
18.730433,61.09346
21.47743,64.197845
14.876086,66.75087
19.35112,44.097446
14.5462,63.056328
121.709465,48.065273
23.86277,62.109047
11.863543,63.931625
30.319012,66.6568
22.29335,62.267174
24.857912,69.78088
16.386213,67.595566
48.3788,53.16856
41.476536,67.19334
20.15145,57.803165
223.49368,48.219345
28.927961,55.434654
40.936424,63.803406
18.261612,60.57086
18.319168,56.572983
132.71552,51.866306
23.595297,66.24567
17.620298,66.51316
294.13132,55.511993
24.012585,53.48946
101.60231,49.56622
30.126974,68.4595
8.945577,64.22588
60.18468,63.584774
21.11837,62.561058
65.81322,57.48635
28.862701,72.93719
18.714956,62.15513
38.090466,69.88486
5.199509,54.13032
3.65934,52.003773
8.405778,47.91574
9.639833,51.798916
5.3176007,52.816902
14.02067,50.308308
88.55779,39.864864
17.676617,46.724297
21.314594,48.75124
14.115303,42.944134
13.531549,55.254524
9.890054,55.272728
6.525936,56.42327
14.109663,53.169987
9.532791,59.59253
12.269027,47.770363
29.617058,43.30127
8.104799,58.225834
9.498878,44.39574
8.315496,49.26931
11.217852,59.467278
8.805368,46.511105
26.711742,38.38915
9.257812,54.147152
43.484104,55.957954
6.7097673,58.42235
6.1117144,52.074966
11.859804,50.124554
36.17508,40.6439
15.933404,59.115913
58.752605,42.64514
9.877299,54.491932
11.0200205,43.990974
12.571054,42.579853
7.080305,55.538036
5.5488186,54.64375
6.3115196,50.042175
9.559674,61.65689
7.1354027,55.227787
10.472268,51.352745
7.6263604,56.882313
11.878399,53.610985
8.218854,56.453407
17.786322,53.028706
7.7872086,39.320175
8.684642,61.172523
6.325104,63.345394
10.746401,52.497406
11.789779,41.51075
19.392548,46.40988
14.8432865,41.811974
81.334305,31.985443
13.83343,46.078625
6.990446,55.274426
6.151868,56.237125
25.674717,41.856304
112.669395,41.078342
10.5060425,49.660843
7.9133143,53.2071
7.607132,77.80912
10.808799,56.15
15.093024,60.41216
22.49062,56.744564
27.428753,45.474697
13.215224,59.70509
8.888582,48.28279
5.102735,54.91081
7.1028557,53.905624
9.733408,60.980072
36.74592,42.096565
9.693658,72.80908
6.2395654,70.99553
11.498627,62.633556
6.3764534,55.499687
11.168809,67.40275
4.8566184,61.13671
281.91718,42.814087
37.558487,52.924717
12.452124,45.378757
3.6797898,53.631725
6.913099,59.311935
136.75194,43.04198
7.9526596,61.261967
16.933266,84.25839
60.247406,42.985252
9.48838,46.24986
4.5560055,57.12343
11.344696,48.035683
5.9440866,59.54861
31.54791,44.026505
31.209589,50.997967
14.681349,52.160812
4.694768,55.857445
20.371996,47.19446
10.411311,50.017265
11.78283,42.511276
45.05376,50.124542
7.2850366,42.657856
8.737962,54.21924
10.20686,63.903587
5.353862,70.56236
14.993189,60.677002
1.6467121,78.75112
11.878647,77.22622
9.164941,67.33635
6.7446375,72.491394
17.609034,71.37576
1.3856004,71.416664
2.1891093,82.26028
14.092403,65.07975
1.03011,83.357346
0.870607,82.22453
5.0440855,76.999435
5.1231127,75.21501
5.0741487,76.388885
0.9242014,84.28094
12.365493,65.27858
25.40617,53.333332
1.2727551,82.08754
8.962827,74.42315
7.735659,73.03474
90.59798,37.806393
1.8932663,78.267365
1.7095417,78.967354
12.205117,72.33448
3.4791915,73.24106
10.956945,68.88739
11.972328,68.8659
17.414076,65.62262
33.75431,57.324326
0.96904063,86.90745
1.1196532,80.804955
5.2724767,79.94493
2.6782782,83.76068
0.623818,82.7957
2.2369144,75.255775
1.0461124,81.003586
2.9008148,76.27269
24.847103,61.802574
2.8570223,84.846214
0.8597507,82.80193
7.9127474,65.02058
13.260565,61.713146
1.2989761,84.42907
438.98285,59.08253
1.7671257,80.24224
3.4936233,76.434555
1.3697815,85.840706
12.751423,60.2945
0.9380613,81.15299
63.121925,60.311146
1.7342421,80.167595
6.141955,73.53714
0.99746054,84.82003
15.197522,56.116505
5.1229362,73.81589
4.3158875,68.27722
12.488541,71.280655
1.8103462,84.58738
21.492147,67.72509
3.4110167,79.92332
20.979403,71.19174
3.2464437,71.2831
1.7088988,85.36585
5.4612784,79.69585
11.019943,67.57454
1.1170025,84.93933
2.4827113,82.51779
8.747711,66.05728
1.6614487,81.90045
3.2604775,80.48433
3.5710614,71.974525
2.4313653,84.91172
9.725116,74.49627
5.061296,73.7041
0.90427285,86.77211
19.616783,66.12557
2.6565974,81.69782
5.3603497,74.53258
44.371956,56.508305
2.2329216,84.43488
1.7869323,76.12434
2.9990559,81.09421
29.852499,66.467705
2.6629217,86.26457
191.06165,60.080906
13.867754,71.50164
123.799904,50.865616
1.0980452,87.31745
2.198881,77.38001
1.6640811,82.24395
2.148088,77.422966
1.2786795,80.87819
3.0485098,87.73537
7.852047,70.19022
2.855001,82.57186
1.2862914,80.97433
3.4005945,71.06437
0.6277328,91.16883
2.4901226,81.705154
1.2039514,83.94683
6.313274,77.57241
2.5283957,73.2054
390.5844,31.466068
17.444883,77.86961
21.937622,74.14188
40.652397,67.29802
11.643658,69.00417
32.536827,66.91582
15.802998,56.242275
30.695658,76.216446
179.25055,69.682625
26.408329,60.409424
118.24498,58.32574
60.08847,63.27419
15.713804,63.88539
10.830361,67.991806
13.226964,64.01274
95.855,68.120346
11.377501,74.18646
14.39451,67.824875
35.032898,63.977764
219.84511,61.648018
9.904781,70.98646
30.44007,55.099228
25.964434,60.944355
13.816571,81.86978
39.526943,62.019608
53.937714,65.51224
17.799227,84.75367
19.258251,82.59662
9.712914,74.730194
8.51287,78.72114
78.48256,60.755447
15.239754,70.16934
12.894169,48.702423
22.149593,73.437805
400.67145,49.477093
15.833488,66.42066
38.541794,67.39684
89.756004,49.58479
11.407563,58.234573
31.671408,58.678238
27.937958,76.172714
36.5229,66.839745
25.829262,70.17578
19.500046,70.00437
15.025921,75.724106
40.140484,59.50141
16.614033,54.684795
65.57547,60.55586
24.123133,82.54317
23.467539,64.83563
16.824078,65.0864
38.272896,55.996082
20.44882,60.905857
7.450398,67.59566
32.68069,70.267075
15.045746,87.70344
718.1848,44.35873
108.12857,70.34053
34.23878,80.46042
376.44254,62.420067
17.855858,74.41441
31.721079,77.31714
,69.29482
51.30637,82.29507
14.6075325,72.438805
14.412041,76.86625
10.796525,91.11248
27.98842,80.00705
10.7976265,71.25107
28.431368,71.30473
10.772476,69.650505
18.595291,66.54128
12.543795,63.72523
72.46693,64.73039
16.635838,70.294365
22.052332,52.646164
35.730347,67.44035
21.556534,84.70964
27.369486,61.82059
94.40342,66.505775
16.4071,81.022545
14.375715,65.385544
34.180767,61.577183
11.834219,58.609795
32.583664,69.6914
13.435294,65.25238
12.764629,80.07663
51.475758,63.352806
14.017319,68.81549
25.371506,61.9325
39.681107,58.37344
13.968275,62.54445
15.425978,68.41493
118.39617,68.59173
11.819743,66.4356
9.309352,81.8822
20.416862,65.66943
32.324516,79.70655
31.811098,75.70371
27.106516,62.724342
36.03924,80.63059
8.776102,63.003265
20.706245,82.0898
31.534828,53.99438
23.926054,81.45296
64.27043,62.733166
42.342205,63.99262
28.421045,62.16988
34.44554,69.19637
34.24322,69.69082
12.749565,69.82796
11.528481,68.12359
21.76032,61.152523
15.976972,67.062614
80.436775,61.08963
15.045198,67.68009
16.632706,74.03416
15.653225,67.144455
30.920277,79.22571
12.732714,61.23908
50.29584,59.647964
,75.239716
,71.28745
,67.43709
,56.127724
,63.714012
,79.71732
,51.058758
,72.9772
,47.505375
,64.642586
,78.178696
,88.87677
,66.08863
,54.76512
,58.70947
,56.977917
,47.3741
,33.333332
,53.72822
,65.626205
,68.30168
,83.28825
,63.266605
,43.23087
,69.00632
,74.19427
,59.37908
,67.168625
,74.80396
,88.22804
,57.452618
,85.93018
,38.804813
,52.820965
,53.337643
,18.140835
,60.582333
,64.26585
,54.63952
,64.98157
,52.42821
,64.23178
,77.903114
,62.713116
,64.18043
,39.433395
,42.473907
,36.638138
,52.196
,62.432194
,59.50452
,76.707146
,64.05898
,44.022907
,70.96293
,71.08875
,76.78158
,79.28716
,64.36227
,62.62432
,54.868378
,80.96407
,57.160408
,70.28492
83.648994,43.44509
4.0551186,46.046623
89.27177,36.08444
6.7990727,40.424442
8.927484,41.421936
49.58469,43.079575
13.423982,38.44758
18.962582,44.019424
10.248495,42.296356
16.703371,48.525356
1.5476725,52.338478
36.7371,41.62469
4.9248533,49.139904
17.562897,44.502876
3.890439,49.15884
59.88988,41.642387
67.39638,66.85813
354.08524,50.4709
456.28217,41.645966
,11.256582
99.504684,54.169083
39.169235,62.415615
142.86377,67.427246
93.48567,60.435772
88.330925,34.12891
12.825033,53.351322
135.56296,52.019085
17.701254,76.52598
179.63641,59.96928
438.50262,39.167046
18.842531,50.445137
742.8385,27.914139
670.8091,9.221404
36.242123,65.32467
16.742678,51.24129
53.4423,58.257114
30.66072,56.673
121.759125,59.43549
95.39618,53.528988
28.590448,59.292656
63.863987,46.128685
53.51882,22.623995
306.49976,39.60853
13.034684,25.958675
346.73932,41.783836
1197.521,25.680656
282.3972,37.107277
111.908,27.421135
685.5681,36.30733
37.231544,36.337933
584.46387,41.862564
175.11694,48.04659
2325.4,21.170887
195.4474,45.29689
2.3513212,59.191116
0.7325923,51.28826
23.490725,59.697224
6.7295666,52.704556
15.089411,60.787777
9.007027,52.492554
3.1913927,54.244186
39.521603,59.15728
65.90965,46.970238
7.8675046,51.988926
38.29005,53.30943
34.387463,59.468357
67.2757,49.191086
39.681877,56.906548
7.1896605,57.39611
11.378889,55.547928
5.52564,53.830147
20.803856,52.442776
50.643173,53.146816
9.632666,55.56545
7.1872764,53.367294
12.98635,60.822784
71.937035,48.411423
14.318612,58.66232
252.8999,35.7642
19.230282,53.626923
4.2960405,45.907757
55.91286,55.96642
28.651209,51.988384
29.657988,62.26836
9.42917,55.18188
5.970039,57.45469
193.2307,35.92755
42.536476,56.51865
5.268018,52.5251
3.7634597,54.542377
46.970196,45.305813
85.41604,52.913307
166.86203,43.26856
11.587798,59.975506
267.00778,53.97471
0.14024194,57.079647
7.7327867,47.47089
51.35741,55.809086
3.3094687,53.225693
50.615406,50.653824
119.41512,61.737286
1.3362123,61.215336
2.0396707,56.150795
569.6321,47.98744
7.4453516,47.004833
7.5714345,42.88325
8.929467,52.507618
28.969833,54.973038
6.925888,51.484875
61.1577,57.8002
9.982153,67.22871
86.28475,49.50141
34.508152,54.376373
6.7107577,58.83062
45.539146,41.00215
21.70782,58.816864
511.40762,45.932068
7.8351855,55.202618
14.538929,53.157997
0.6976879,54.597538
15.860512,60.665943
5.8246074,58.253407
17.735743,59.953804
62.473076,67.26634
2.001639,54.308617
16.284191,51.949764
94.61348,43.9972
10.451713,60.314754
1.7393042,53.45645
50.3717,48.13776
75.06619,53.586758
45.40665,56.21507
23.514633,55.49312
26.990313,49.7718
184.37312,31.830444
1042.9619,26.40649
21.962912,58.23654
3.1397169,50.676357
286.94836,51.323605
8.694113,57.406597
5.6320887,44.917267
35.982292,57.033962
3.851515,50.7326
32.29296,45.09069
16.145184,58.505306
15.619708,36.63978
93.81255,60.0289
4.578923,56.636105
8.181032,49.04132
47.087864,56.439777
21.68662,45.92961
3.26425,57.368675
0.59776473,37.990044
6.964117,57.679596
20.89123,56.810535
262.9942,48.507748
17.685234,55.170345
19.302961,57.875546
7.7616158,54.639862
9.33991,46.23565
16.682497,42.76861
22.877544,51.535835
4.0349355,51.48748
735.29333,36.15274
12.90694,48.387413
7.8963494,58.612144
32.37108,59.266968
5.935793,44.964027
5.513367,57.30422
11.75547,54.636307
18.924828,53.40461
1.5898736,46.875
1.631202,45.152576
,49.53988
1.4046063,39.230423
0.8792253,60.323326
22.560097,53.321354
4.150598,52.746525
13.845347,54.68491
3.595452,40.568233
2.0086682,56.21162
11.018192,62.15106
27.946623,61.361496
13.958341,58.180443
14.771521,54.38967
11.121952,62.279305
21.25026,38.401505
4.6664734,53.68782
27.068491,45.975597
11.4306555,54.70504
3.020578,44.444443
85.30023,48.354996
9.936101,60.789684
8.7147875,52.21239
8.004827,50.349392
7.942436,62.071995
6.1127043,52.92605
5.9056935,51.314716
1156.6235,31.942518
3.6430995,51.31165
7.036175,60.30615
6.1408625,55.00464
48.078697,45.746643
7.733235,59.095688
3.5842154,61.398132
136.53262,57.572643
75.9748,61.27847
9.805708,61.67696
11.264671,34.847874
41.873753,56.179554
32.647976,53.216187
6.5288196,50.217865
5.015734,44.968994
9.811628,58.23366
2.3350616,47.72475
15.215936,52.76518
9.842405,62.441597
17.066963,53.93211
218.13676,49.61748
9.8517475,50.229496
3.3753133,59.961807
30.909222,43.386242
67.67495,60.931164
5.2819586,53.23468
25.631304,40.927555
35.707226,76.174355
6.9139714,57.71909
10.240427,56.930946
8.239363,50.04931
14.522299,30.783398
9.816056,63.77395
6.4372654,66.51523
13.32895,47.9175
7.8663726,66.37841
7.373703,11.60084
9.331637,62.09564
19.103704,38.926525
17.309694,24.7479
14.571097,44.24313
18.258446,58.158997
125.671974,66.898605
61.653122,55.945
5.5368547,61.323963
18.092554,86.06904
7.7263393,77.36204
18.820976,53.113064
30.734568,76.82519
74.30963,63.470634
108.10728,27.278728
9.66064,15.723349
8.361665,23.925694
1.2257212,38.668373
16.736097,81.2412
51.69919,68.28017
9.684491,45.134552
,37.333538
5.6574593,10.941863
37.44474,69.28915
5.2443447,35.58075
27.01919,57.925312
43.291317,77.622284
43.30824,57.809372
11.427207,63.43363
15.718648,54.339
70.78284,64.62831
20.574911,26.997747
22.896254,65.66985
44.75942,50.74071
49.72132,57.906925
19.047003,64.99863
20.188791,40.21217
18.454884,58.02054
10.340534,53.111946
20.021286,71.94964
14.452868,65.81644
6.352484,21.216974
39.84541,49.041756
19.008823,45.660763
26.316584,80.59443
7.2806993,73.01475
37.9545,46.18855
23.1222,77.14966
23.280664,71.522446
7.7943187,28.231722
68.04643,76.25241
17.934128,54.541992
4.330557,30.053429
17.965837,61.117973
9.978649,75.34878
15.421679,73.29562
16.063854,26.679516
9.092943,39.25293
27.227247,59.316605
18.660484,74.61426
16.995436,78.9029
8.635524,20.457764
25.147566,75.771484
14.742603,54.230873
30.440943,48.680595
25.900808,28.549654
9.858411,59.63123
9.401542,77.216515
5.5305767,30.249111
12.148293,53.03998
9.877195,52.217773
11.583479,42.300556
17.365776,57.247112
15.388296,67.3205
3.9916046,71.55756
14.118486,63.615795
17.356537,72.83502
8.014368,78.186966
7.7356534,66.253136
9.810692,67.47832
7.672926,77.143394
91.185486,48.4188
82.850075,54.47539
23.646133,73.734276
8.449456,67.475845
20.239594,65.92185
23.969917,70.02831
49.991005,72.2929
5.1117287,72.692856
4.776592,72.40117
54.777077,64.45909
10.831752,74.01455
3.9414597,64.20743
53.300583,73.68407
5.384315,55.306904
210.21893,54.295277
18.937262,61.57055
73.659386,67.10696
11.926493,66.390434
12.784965,68.556206
6.0028963,75.508606
11.916549,70.17149
5.734533,66.99941
11.680949,71.90588
8.023254,75.49474
6.459039,73.120476
22.525919,65.32812
42.111675,64.2401
11.185218,69.98856
5.285362,67.94389
156.83093,62.470306
9.054008,71.42857
4.759799,72.72727
11.727392,63.34791
9.034041,62.062172
4.0363727,75.79086
8.309538,63.62484
16.874079,72.43002
7.405887,57.434326
423.05328,40.36246
70.92835,70.991776
127.3765,56.490795
24.432434,62.466316
3.1436486,63.32107
,72.76236
20.184864,63.43042
24.30995,73.98743
7.7023973,63.981834
31.784653,64.95037
7.9222445,62.12234
10.903439,67.76049
7.4076524,67.05664
9.452525,67.01973
6.6977797,70.900536
25.013159,66.270905
16.503006,74.783295
3.2067695,78.047264
15.905478,75.33954
12.946571,61.73501
14.394514,74.520676
5.073498,64.71479
8.757369,66.78161
12.926248,67.39948
10.471223,60.35503
35.779415,73.88636
10.282719,63.81061
5.3259673,67.03833
8.741781,78.35931
4.9784164,70.95139
13.765447,57.379925
15.123397,72.18897
23.788057,64.747345
25.930714,67.22627
10.427576,63.937405
81.13209,57.196125
18.71379,72.101
37.008347,68.407196
3.6924732,74.02655
8.127291,65.049324
20.114498,68.74613
15.781085,57.6522
3.1775162,62.524334
8.62865,72.83518
11.807155,57.380924
5.567142,62.747192
4.255919,65.96082
35.544964,69.411766
3.2464883,63.483147
4.903959,69.37222
235.9169,60.665096
5.4065304,67.403435
55.947224,59.986416
,16.239561
,43.083443
13.757829,51.537876
13.981183,75.07313
24.335012,75.031845
3.9861636,63.939636
30.779043,74.20543
8.531253,72.62847
9.744812,69.049904
28.699379,63.678753
12.764172,59.548157
6.7473097,67.66649
23.583431,70.831955
3.122077,66.06965
10.65936,74.91007
0.6413786,70.70465
0.9950888,36.90078
0.5915862,42.24792
1.756313,73.85778
1.8872569,62.29828
0.1335443,87.5969
11.604278,54.68352
0.5615241,64.375
1.192,64.76724
0.47376657,75.69516
1.4483286,71.270325
4.844253,33.59155
0.68822765,82.63429
1.0290731,72.270485
6.6753216,67.1728
13.14625,52.760777
0.095012344,90.406975
1.7120967,33.317364
0.2908899,76.13883
0.68598294,67.5
2.139848,48.162952
2.6575654,64.17911
0.42716807,71.71717
6.717104,55.348076
7.0204806,51.856804
0.6283832,73.089005
2.0663555,70.38072
0.82492775,70.795456
0.25011015,77.05088
0.30501264,71.3525
1.3332046,63.455498
16.140633,40.37978
0.93894434,78.80387
2.1386547,55.433353
0.1137087,83.04498
0.31609708,78.18434
1.453298,63.225807
0.20335338,83.05085
1.1636024,67.03952
0.2636039,75.62044
6.4902167,66.46787
1.7906107,77.81257
1.7037368,42.373837
0.7115278,57.927696
1.5772065,69.82592
0.7658673,64.53863
18.383081,33.263184
1.9486928,72.807014
0.75126106,77.00535
1.0251155,66.087234
1.0606896,71.21661
0.28290614,73.54988
0.5626017,62.771957
0.5845609,71.72557
0.43772706,94.394615
21.63717,60.604836
21.465637,67.35645
2.9961166,81.90748
0.2500522,88.32685
0.36022398,86.04061
0.25902373,90.23569
3.0927513,77.64449
4.044402,63.106796
1.4912754,82.080925
0.99504036,85.33859
18.273918,71.75499
5.3223057,61.165047
5.551541,72.63774
17.234072,63.42439
4.5695653,77.24121
1.7090825,86.19178
0.3674716,85.43268
3.2224681,76.12339
4.4031787,76.973915
9.714293,68.0759
6.1480894,73.79292
1.6341895,79.9511
30.438442,51.84555
2.5279906,68.84365
9.231971,71.34316
1.6993749,78.01636
4.7795134,66.7304
26.037056,61.5284
588.9682,52.18181
0.84137565,81.79938
3.9399817,71.29429
2.1711543,74.44668
1.0846318,72.510826
2.6545193,80.721794
10.012167,58.56531
0.4621627,77.4043
1.3834764,83.828384
1.7095236,76.09148
0.3027672,91.47727
1.7195408,70.68965
41.107986,64.03549
6.445859,75.922
2.305178,80.051315
0.519857,90.43977
1.5589076,81.721695
1.6668818,81.466354
0.39251935,84.83291
4.2002015,67.40371
5.0448003,64.53158
5.351151,60.755093
4.8614454,75.46744
2.9128103,76.74419
0.41104415,83.05085
1.5508976,75.75945
2.942505,73.17569
130.43689,50.498154
5.4370685,70.79557
0.5186346,83.962265
0.4273495,82.38636
23.458223,74.56577
0.24243623,85.2518
6.1230345,72.89582
3.453013,78.65275
3.216369,69.71429
6.8017707,64.50456
3.018434,73.38028
9.842175,62.4409
2.4699838,69.37355
1.3006926,82.70073
6.5665913,79.397224
4.875631,80.95096
18.084038,76.29806
4.7155247,78.159966
5.946403,80.39625
5.804032,67.10343
0.5795347,86.65803
9.533237,53.010525
249.6174,62.001938
10.683867,67.223114
19.176752,69.21439
11.269357,67.68368
0.85317636,83.78491
2.1296368,62.60218
0.24525987,86.04972
5.49143,76.21474
3.506479,71.90532
0.3509528,89.55224
6.809438,41.6498
2.920411,76.883484
19.865643,68.84538
8.373972,69.89066
2.5637183,74.0413
0.55099994,78.76712
9.147806,78.0733
136.91376,54.63763
1.9066051,70.455
93.24131,42.623863
24.589685,63.650597
1.0988077,77.38839
0.0836967,77.50611
0.18446076,86.1039
0.6637056,68.685776
0.4052009,74.73983
0.19466634,80.8704
9.980433,64.688995
0.48361495,55.58415
0.9316716,62.572544
0.42981544,64.86937
5.844183,58.9469
24.891125,48.181267
0.43674633,72.57255
49.466354,52.51704
18.618921,50.40803
40.818783,37.403618
6.951736,41.09376
19.66297,37.90519
173.56158,49.149307
59.13784,43.56144
143.64117,52.296833
123.882484,42.638325
30.583208,43.24236
158.0464,41.328247
1416.5166,44.522663
211.72871,40.556545
869.74756,31.48754
60.561993,54.50463
123.848785,38.34774
2328.787,22.03402
330.60083,44.67488
3954.3027,21.845905
113.14556,59.521626
618.6621,31.39573
969.1367,36.339264
366.31512,52.803303
395.47858,55.854
243.47365,58.95259
983.10236,36.254425
68.3142,49.577957
410.25317,47.371502
107.47327,61.389618
1976.3833,33.1164
115.587074,58.018513
219.44902,41.460476
0.20856984,72.57509
4.1805806,66.71526
2.3214583,37.67306
1.4082277,48.971996
13.425825,69.81535
,67.124855
21.301605,42.323494
4.959086,67.249146
2.8620017,42.993088
0.5986366,27.177334
0.12531067,55.6314
0.54419565,47.379566
5.689427,75.41697
1.6386364,66.959755
63.869804,48.02243
3.2745109,50.5604
5.0828176,26.079006
0.9759416,23.240267
3.748576,64.5347
1.2167175,61.353466
2.6412241,22.849207
3.1514113,70.10954
9.076328,64.7199
2.3943062,20.670593
13.762764,47.343735
29.194452,23.367226
1.0953233,59.86506
1.0376385,40.383175
5.7675433,18.606247
1.8902391,59.32603
0.45775935,72.326675
27.757057,48.695786
220.13544,34.192158
18.278614,62.939674
,8.358914
,17.75229
108.199326,47.6521
23.652441,56.84661
35.74886,44.499744
34.70106,54.179794
83.48739,51.463863
21.647667,51.716553
28.368149,36.99452
37.54963,44.00503
37.93646,45.502277
12.5833,54.880997
139.34262,46.628937
289.10495,42.035793
7.9227514,42.367905
11.742101,36.66597
40.182873,55.344955
46.862663,60.658787
28.846174,55.67074
1.0325242,63.367855
17.075619,54.28534
24.259773,51.476727
8.111438,54.3869
39.424046,54.81555
42.84684,49.828125
18150.129,14.750256
210.47232,41.142586
47.330475,52.245045
1142.9928,46.63035
73.33977,49.71388
74.75994,52.689587
223.8305,39.25519
63.044884,50.82365
171.90565,47.38719
20.255478,59.879883
35.95164,45.986183
23.954117,48.958237
156.50949,55.690422
4837.961,20.508862
92.586136,43.968815
606.355,46.688187
,41.549213
100.63725,48.93057
284.85513,42.14781
20.163662,58.48348
20.702753,54.029606
41.824963,45.302155
,49.587887
27.208101,58.338806
243.14641,48.550858
30.001339,44.719
37.72063,57.71455
82.45551,29.443851
60.68322,38.777943
27.227245,48.946774
28.899246,49.179855
26.163162,54.751728
733.81256,38.738842
27.297941,65.056854
26.048546,51.50163
134.49846,57.093548
54.659145,72.669365
18.25805,68.21486
19.351124,37.435337
24.688837,66.68562
27.747772,75.412865
19.237873,59.690353
11.083372,33.996365
15.3283,48.982986
39.73984,61.19535
139.7257,43.71983
68.036446,61.95427
188.88118,60.21844
67.618385,68.12249
12.624026,67.288246
19.208942,70.69407
21.396193,51.351604
143.94336,64.948784
34.74538,47.5969
21.313305,73.37321
24.463633,52.473236
18.482239,71.52941
80.6937,60.321526
23.464813,53.964592
51.841946,58.955982
187.86922,40.09442
17.361385,67.850624
8.408227,58.191246
110.90937,70.68876
59.767742,72.04748
27.69187,55.94233
347.76532,23.384861
43.066765,31.761583
328.49817,46.36117
47.45157,52.091953
218.71626,62.913662
13.605079,47.981808
11.355494,71.099014
43.182327,47.685703
31.05655,53.875397
287.32925,41.67779
28.811354,33.90717
74.38666,59.79298
41.027008,56.981133
110.13178,63.956093
26.405096,27.745932
46.79125,40.400337
1.5774876,50.555557
103.32663,65.40794
31.522038,50.528385
82.30087,64.05432
8.290993,54.748062
86.310974,55.13848
57.048992,50.761627
98.588104,69.63831
25.24022,65.521835
17.752157,54.63687
20.511992,47.79194
38.995453,66.14049
11423.934,38.642776
27.048021,76.146545
21.369446,57.672867
48.436134,64.18273
68.15521,49.536293
239.27032,52.357433
15.451794,32.51591
76.23712,63.6318
129.21423,28.606188
8.955387,60.5042
54.393646,41.987663
21.701176,60.311462
15.831362,58.131382
37.70039,55.524906
99.47406,46.611137
33.031925,60.857227
69.34981,75.37256
37.52752,48.65406
54.597115,41.639465
63.1979,60.759094
101.936874,63.158413
46.22516,66.95519
25.917362,55.534927
43.420254,41.629578
57.899075,70.38771
40.103817,71.72564
52.903168,68.68697
9.986557,53.199856
33.518936,58.553684
2.8423553,52.6644
121.98476,65.37081
64.88805,35.79161
408.53302,44.805836
18.21289,31.920788
12.014698,40.694054
62.951923,51.36934
85.15875,54.322353
35.199814,71.61655
84.00716,46.324615
43.992733,76.0896
21.927643,57.035748
0.9162606,73.63344
2.8254614,55.278923
1.7950128,41.30538
0.2588525,84.135475
1.462322,65.88442
1.0405238,75.606865
0.6716604,76.90763
18.912987,66.45876
32.81497,51.512096
1.0202302,59.303482
1.7885118,65.34694
0.6204468,65.678345
0.6568559,75.18873
1.3255248,56.591927
0.8804619,78.874794
1.9991379,62.990196
0.6492835,82.13097
17.949728,51.78301
0.5538921,75.35368
0.81615645,59.00383
0.8433642,76.12509
0.65823275,68.88361
1.386412,65.08764
0.76380247,78.333336
1.08985,64.11651
1.0865186,69.27224
0.8653223,72.57109
1.4911703,65.34447
2.9259737,72.95598
5.4786806,65.99422
1.5376453,58.31598
1.1938938,52.948402
0.9697449,71.149895
2.5519905,60.325047
1.5561844,69.02738
3.403397,55.154533
2.4265447,42.911877
1.0717366,68.10897
4.3635416,56.909363
5.7561707,24.544022
1.6962665,44.946125
0.50392854,79.82456
1.425292,19.857525
0.23058438,80.42453
7.0161104,75.20771
1.071906,49.0099
3.5461583,61.30189
0.8307496,54.778763
3.6315074,52.388577
3.313198,57.012383
11.65837,65.78819
1.2570003,71.04014
4.055151,75.594666
18.826103,63.433826
100.78405,63.064087
48.061127,65.32092
28.637886,43.79008
49.134342,31.978256
44.13474,74.85854
50.210407,54.28515
34.987877,62.76756
302.99326,63.294697
27.875801,57.082638
35.92546,60.2297
132.411,50.8947
166.72194,68.06697
39.24126,67.96341
77.83459,56.149017
25.083725,54.853825
41.920345,61.59953
396.0181,30.47018
34.101185,72.85978
36.383133,57.18644
148.37668,62.011753
47.514004,44.266956
111.03737,58.194736
27.565987,61.304718
828.9386,38.96982
40.48286,56.722958
25.386011,63.365486
88.36723,60.940506
149.99234,61.074383
29.285994,54.941696
749.7188,47.500385
54.02827,64.42265
26.313148,62.051758
14.894525,57.619675
25.908377,59.534645
30.16925,65.65104
26.75943,50.575657
38.65404,76.9293
46.49528,54.57138
30.439856,60.645214
65.380905,52.79119
44.44983,62.430164
90.72967,50.859222
52.73378,57.889225
93.56635,57.473507
37.872738,66.24403
126.132,42.651993
286.04016,34.510895
35.995327,60.390186
217.52248,35.95
63.531963,53.874996
157.52695,56.656548
21.22132,59.651295
33.31988,77.858376
96.7521,68.143616
12.342595,54.070568
445.86392,48.442066
13.767927,53.08057
33.036877,62.569614
49.429108,53.554462
13.987385,62.68817
27.326132,47.931465
18.050966,60.43994
33.740467,52.23267
42.5017,59.49757
24.9662,50.204082
122.89853,47.507133
38.261272,68.73536
27.478666,76.19235
95.95642,60.276794
43.5326,51.206238
56.26284,49.011845
49.829117,51.003223
39.625134,54.300247
46.370777,73.35822
249.46716,50.185837
497.7841,42.486496
127.6703,38.709778
62.593857,55.013355
46.270412,65.1084
27.02056,70.62743
12.490172,54.015446
202.32039,70.04966
37.232315,59.888866
79.518295,60.869743
34.271816,58.333332
78.04859,47.855362
21.399332,60.44329
15.221927,67.398026
2.4730697,84.70006
5.5438814,74.01047
1.1999323,89.434784
9.408677,79.548416
4.0731926,74.02359
17.43069,72.22703
8.880349,64.237885
49.625004,77.175606
22.046711,71.337616
23.46715,57.04787
7.3407607,70.50928
0.5180186,90.39265
177.78137,62.97375
4.380518,72.50742
44.671734,58.517265
3.7245026,73.21647
7.624885,67.04417
27.919165,72.7203
10.602396,75.938774
20.254765,70.65767
1.8504558,85.45894
1.3018411,87.451416
22.126204,76.23066
13.057272,73.03229
18.347015,75.60976
1.7474583,80.98694
3.724327,73.36244
2.0974157,71.39761
1.3678625,87.935844
7.8894567,72.31386
6.6452208,67.42748
12.716879,75.32533
3.2185156,73.05282
6.4575295,69.984116
18.977022,71.318695
6.4235296,84.236084
3.5303442,67.71261
5.9054036,69.14753
,70.57486
13.706627,74.50613
21.665539,72.4077
6.8554907,70.20173
3.0291688,85.823265
14.355405,72.84047
23.301603,66.64361
23.121529,77.683754
6.7363753,75.77683
11.001742,61.913284
12.273506,70.073845
32.727104,57.390186
6.012683,75.313446
6.9897113,69.47988
7.5059733,65.046104
387.8756,58.331417
22.079323,58.744667
7.9452586,62.62491
25.356163,64.82503
10.756351,69.98841
43.747326,64.17381
12.82935,69.14348
20.0166,69.397125
,69.336525
3.1417265,74.745766
1.2273737,83.751495
47.267376,75.06339
15.330243,65.13626
22.915028,69.5409
19.54041,76.61759
,85.17876
3.5135734,66.678925
398.2134,63.684345
,72.84162
46.485245,73.90443
4.4457235,80.92029
2.662309,80.2651
6.186311,84.01981
2.0116572,70.65541
48.63352,35.04133
77.458176,48.20908
13.18868,42.47772
27.685993,47.336357
13.474238,53.274624
2.7016811,68.72081
4.3381653,58.786198
19.960028,53.757187
8.097391,64.23351
0.5903606,63.194443
0.6364846,77.349266
0.27974093,75.8168
16.222797,36.25893
28.034985,52.593628
4.6744018,58.561558
19.479582,61.288734
4.1736283,69.62006
0.3641131,78.45938
28.771643,37.90576
14.8843355,39.374428
19.685314,58.877518
1.2178354,71.424034
102.23106,51.81694
2.1149797,67.97738
611.03235,21.608635
39.236595,52.43829
0.8228483,68.10865
8.610453,47.571106
9.086844,64.475006
4.8774986,65.864426
0.8601552,69.071144
4.073015,50.420826
282.72144,41.02293
0.32644206,67.41293
53.456326,53.452988
75.033264,64.011795
634.77936,42.686947
40.060425,68.86661
148.4415,53.34701
18.925093,77.729645
183.90144,50.299217
93.067474,66.99847
20.822578,62.514694
388.34802,49.410095
89.37998,67.67121
80.563866,59.076706
4.909981,65.12107
65.07268,53.51579
53.653614,50.014843
254.23708,50.213432
25.328682,68.37356
27.333624,64.66747
16.759327,55.777885
53.238758,56.328293
33.083153,59.95203
165.8985,59.405804
185.66257,46.955315
1130.9923,38.97806
14.788826,57.984154
69.64658,41.44447
66.04282,54.198296
6.8916097,60.703297
74.84788,69.49114
13.099265,78.657234
25.932302,58.93424
20.005219,68.949005
41.4458,59.530766
26.576403,73.042854
24.103947,72.92068
178.04126,36.16239
204.16171,59.760155
96.76486,54.54854
142.23663,64.18798
387.44193,46.17873
136.58862,47.537785
36.058033,66.87283
17.02381,64.34865
65.96581,51.28941
43.434166,73.63175
106.41151,42.88326
634.63617,42.746765
53.545353,60.506393
305.38736,47.677376
76.406136,59.90682
31.949259,69.73413
4125.823,14.153968
39.031727,55.556526
6.24264,73.31829
73.574295,56.803688
46.33342,68.26518
27.748638,71.758354
5.4934134,64.392105
20.094482,60.904346
14.272876,67.71658
54.585342,61.930176
31.054373,63.38187
17.95762,58.178337
93.23089,56.717777
27.142311,60.627026
136.06187,62.004448
27.086258,56.258522
184.87335,60.7375
427.8269,38.147274
341.06168,40.64051
101.87071,41.01129
555.0635,32.272125
87.06295,41.40675
19.157013,56.788113
57.334023,63.211487
9.676861,21.13975
95.521774,68.4852
15.619055,32.253315
15.673531,47.32134
68.18781,58.848732
56.20648,59.603687
14.913196,47.81879
99.89071,48.80619
53.894806,64.828255
21.822678,44.698414
22.355122,51.661594
19.381662,43.45084
13.260377,49.908333
46.739468,48.288208
30.48215,41.809162
92.08369,58.126713
20.515963,56.735798
12.984996,34.04038
65.82321,50.276455
22.43496,53.851936
220.13312,64.14004
58.14298,57.819267
14.446941,36.277946
83.26392,64.54059
13.765646,42.12813
32.27553,59.421757
53.540894,59.087006
35.47607,58.849857
18.03595,32.144073
134.19852,69.19628
25.779745,34.950794
22.997358,34.676582
10.030816,48.263683
22.430923,57.22267
42.62247,71.64729
31.606638,28.076141
89.87583,75.01067
192.89255,33.12068
16.652536,60.695694
134.25984,61.710846
60.890347,41.152596
21.623219,53.321423
14.156392,29.863049
125.90425,60.41407
1.46643,59.117645
5.316001,59.485306
1.1164869,53.321976
4.6983514,61.06106
15.370223,51.631382
8.172161,53.439526
2.4051518,64.528625
1.5372733,26.018808
1.7279179,75.41789
0.7376504,80.104034
3.0706873,60.064674
1.4726127,59.94382
12.839518,42.070183
14.669189,59.34066
0.6216718,44.320137
2.0441868,69.63839
17.257088,60.97999
2.0250015,46.85836
2.640284,55.5293
0.84213203,35.454544
2.6591227,80.07203
1.3679624,67.02015
1.5704578,66.48983
0.9092207,69.79927
4.127589,57.669407
1.564942,71.55746
0.40681264,87.19852
4.252147,66.18943
0.9207464,68.35443
2.9550984,68.16087
0.17978692,88.611115
8.242798,65.196754
3.4844058,72.643745
0.631925,73.75
0.6289895,60.809566
1.5125352,54.343433
0.4031828,81.9398
2.3009722,57.058594
7.570288,55.656845
11.67428,63.87525
30.151978,63.034317
0.8511437,60.6632
2.0767481,45.589745
3.7619865,64.64844
0.8228132,77.20033
2.8206968,72.08238
0.6030267,50.396824
1.609209,57.04036
80.6076,53.77477
4.8110847,51.788124
14.058612,65.1173
0.39852262,79.068245
1.0061014,75.2193
3.466075,44.994026
1.597921,63.881153
2.514359,6.0450163
1.6392721,56.22896
0.75947845,70.96128
0.49507678,76.66248
,20.129345
1.3478953,72.10447
5.2252073,65.80223
11.987356,62.807487
2.830378,72.06495
16.281485,56.488472
0.5531976,41.699867
84.06619,65.19464
36.706528,70.44193
14.595724,63.063065
12.19969,70.45931
83.86656,73.26341
115.28522,77.335556
31.535553,72.109985
20.032316,67.95399
18.346287,67.50514
63.620316,76.402725
49.18338,68.797745
22.921644,74.22942
28.170607,75.791046
11.732139,62.75144
31.045053,75.104324
46.963898,68.93209
21.254559,69.38177
31.687994,74.87054
461.01257,40.479424
13.147618,68.81437
21.991394,65.59822
39.105625,64.44191
28.139948,72.53253
21.030537,65.48929
13.895036,77.07016
27.476263,64.697716
31.770964,66.24672
18.577768,64.78029
29.05099,76.62884
42.45582,73.49254
14.662257,60.449383
137.39314,73.51601
226.10237,57.601807
11.7830105,76.27373
15.660189,47.026974
16.86152,76.17116
43.91294,73.86702
13.570695,39.325096
20.365788,74.672844
21.056566,65.37049
15.535416,63.847496
15.750475,53.004364
12.889722,56.869152
14.056532,57.823128
63.248203,75.5024
23.28209,75.66459
317.9177,64.882774
15.577431,56.81485
21.16175,53.512638
26.250572,71.76651
16.653051,68.31835
22.606924,74.88909
,76.75797
28.03957,77.21333
67.909775,54.497013
21.33365,61.330723
31.487862,64.70365
50.873974,63.65286
46.6844,73.788506
17.9596,72.61991
20.947376,70.11051
26.361376,72.84426
123.00193,55.329494
18.889305,74.437996
16.254013,73.05164
22.139307,72.63886
19.619314,63.005016
7.2428384,61.40078
11.1947565,70.595535
14.703329,68.879944
69.524254,68.87158
36.59467,74.80322
52.881336,70.9931
53.819565,68.033165
163.20798,62.56261
16.10111,77.89618
20.505508,70.41161
80.94677,77.79541
457.4769,36.856777
22.750326,64.54951
10.44982,58.88315
140.842,73.988205
114.70434,71.23006
49.71126,70.01922
25.971146,56.5309
37.9335,72.480896
29.837725,74.37413
7.785224,61.26605
35.458233,62.775383
144.32967,69.60407
8.918645,78.518654
23.22451,70.80178
26.346634,68.914856
121.701515,73.676125
75.86874,71.09272
20.92079,76.32088
3.8175497,82.07675
38.872086,72.15824
16.929262,71.64289
3.7818,87.26964
0.80304176,89.41685
14.058367,59.233643
16.730093,80.437805
3.357268,74.13985
9.944792,79.97199
32.0607,58.70849
1.5984029,82.92839
13.984358,55.78475
111.025314,58.29791
529.41174,47.685123
5.699474,74.881615
0.2753002,91.01124
7.029908,81.12999
38.770847,70.9228
76.068405,67.31104
128.03867,68.053925
0.5789974,52.807487
0.6977234,83.11688
2.9489372,21.186794
15.385989,86.2009
9.801756,73.259094
16.184904,77.74545
26.91139,55.696438
7.9902945,62.283997
5.798817,85.35206
123.434074,33.6711
23.60739,66.836975
2.5790286,89.35084
12.256732,74.96572
3.4903805,70.0
15.636694,80.881645
18.507092,75.748795
3.8172202,83.8791
3.7177904,85.217735
1.5663294,71.68142
1.383394,87.16846
2.6810138,87.20998
343.6183,66.040306
1.2843462,84.46005
8.282168,74.82274
73.478935,77.45427
5.693785,81.5735
1.5867478,80.344475
16.508335,84.15954
27.645569,68.52577
0.64293283,75.44338
2.15107,78.17461
0.51141,66.59708
2.594418,63.91869
0.24292134,34.186047
1.7309178,83.14457
,42.198597
5.933645,71.81264
,77.75581
5.0201015,71.05817
7.299831,77.04752
268.87622,66.14002
1.0452489,78.59267
2.906475,26.248709
1.5237172,85.05291
2.5234227,22.714617
7.705887,84.87447
58.71192,74.72761
0.36279032,73.42497
305.83667,33.48362
61.021572,74.033035
13.442732,84.01139
8.919758,62.275005
14.570524,76.64
9.868529,77.79806
1.6925142,68.11955
2.497416,73.43298
0.730213,71.19341
257.49048,53.451637
13.889207,82.12583
8.582549,75.33369
5.8616705,39.618805
4.5266175,86.68823
129.45435,63.65678
2.7824347,82.05462
9.062665,83.37379
0.5266588,92.2807
3.2506297,67.05642
7.162736,70.38089
9.332534,87.89826
47.757565,74.34571
170.53685,69.912926
12.844524,72.41745
71.6014,67.79874
13.974592,74.227875
1.4380597,75.84321
3.9279892,83.15759
2.353964,91.87661
2.304426,79.566986
23.584944,84.086815
892.3699,49.975006
27.742811,67.45039
1.6003578,90.28146
2.5003297,72.07298
89.88856,55.37396
1.6096056,87.1141
32.020035,77.674385
190.25348,28.900593
13.753225,76.88032
9.711595,78.903915
45.37186,82.72891
17.1628,77.99191
7.403673,72.31855
14.95377,79.463936
0.29405242,55.411766
37.804306,75.906494
9.548156,86.70749
0.59053075,85.64103
3.790516,89.49011
6.3407254,78.51539
14.25911,74.47096
0.39990976,61.970615
87.70774,49.196266
1.8013569,21.484612
18.204628,41.444935
79.60332,78.205444
8.335604,77.65822
7.603755,68.0733
49.729187,72.40987
19.620163,82.65913
0.08313299,50.303032
0.34762022,83.5
17.306993,79.9304
1.418177,88.48196
0.121370554,96.52778
1.0185742,62.767475
11.377262,46.049046
1.6875598,77.747986
1.7829443,40.942474
,82.62933
20.661852,75.43416
5.3284373,75.38234
10.666478,79.30398
10.124524,73.4268
6.0010285,84.56278
24.921648,76.90667
9.702627,70.54429
1.3608859,89.767845
4.1319013,77.50738
7.730437,80.614204
0.04733601,85.71429
120.082054,70.76025
2.5509548,74.7963
11.242771,75.8517
9.668182,64.73797
2.0325158,84.416405
1.6624764,80.43254
8.80538,66.894485
16.302057,20.729494
2.9668334,81.83356
85.94743,65.085014
0.24017379,86.679924
13.337443,69.82758
0.9605468,79.591835
58.645576,81.172295
9.342387,67.54624
2.5467298,87.08931
3.9668202,76.59389
8.102383,85.421295
164.65984,80.75161
9.325852,80.46653
19.29169,63.478947
0.47268265,90.72513
25.445353,68.35045
16.989918,71.36836
5.925436,71.87908
6.442076,72.93568
112.70905,51.64805
4.2921267,91.48435
0.5273214,91.71529
83.29442,77.462036
11.005478,80.33036
11.204957,78.22104
49.777905,83.319084
4.494491,79.15515
1.2599167,61.223495
15.820102,74.35163
50.85828,72.65844
0.7895268,28.362408
16.305735,81.23911
50.768246,84.56019
1.0992092,81.05515
1.830676,81.692
4.693805,70.54263
2.01761,41.81369
3.4706767,62.43884
0.38610214,94.226326
7.4037094,61.265263
204.7637,76.96109
3.8460448,85.71823
21.95478,75.77687
7.2696943,82.215355
5.7693577,67.42217
16.271624,74.67157
35.290394,60.429264
2.0831873,85.50269
1.0322564,78.02198
7.207524,83.118195
1.4217495,90.2891
11.771723,74.77144
1.2687409,88.24101
85.63779,73.67644
17.105131,82.43438
19.23725,13.064133
4.0249367,85.8883
0.4768759,93.67347
0.63035375,76.01199
1.0828917,75.05071
3.3853574,74.070755
782.03973,57.97182
55.41889,77.15957
0.16456008,66.05166
5.4912305,71.07348
0.68865436,86.52657
29.423521,69.67816
27.72494,74.3131
389.3466,37.59753
7.9053607,73.76036
8.971101,78.02067
25.644867,80.18254
1.0457711,74.1433
6.5550685,54.203594
5.8585505,47.243034
23.669994,83.6645
37.718143,69.11759
32.82013,64.42903
32.3968,58.859825
4.904329,73.875
20.985058,76.25808
28.766327,22.755106
14.598473,69.71755
2.2803235,89.00474
80.30803,73.935295
5.333579,75.27374
10.920191,28.243513
145.19516,61.05644
20.583204,71.6929
3.2545521,76.98091
24.730616,84.21827
23.31591,82.42847
3.793936,80.58852
7.6992335,86.25468
5.138662,28.290598
3.4772918,15.873894
0.9905785,86.32719
2.885415,89.71852
37.301483,85.01048
5.575211,68.68429
0.5692737,81.42857
187.45198,81.51421
2.2103636,90.77371
0.9509778,86.80427
0.38447115,85.545586
0.9723629,53.324062
5.412797,86.658394
1.1639744,88.633995
0.6722952,77.42848
0.709098,91.24871
6.0183907,91.0149
0.7873258,90.38961
0.8042017,91.616165
493.72476,59.965
0.72158706,59.31334
6.7178884,89.72967
4.1937776,90.85095
7.4949365,52.506203
3.1003153,76.33778
2.7835572,91.22503
93.746,90.01379
7.56939,76.567215
22.008776,84.115746
0.43385607,83.61539
136.05325,73.58323
17.583416,29.787477
21.12685,33.056267
18.312275,38.31325
97.621574,28.686388
3.611831,43.16839
26.660578,38.048504
13.788796,36.756622
20.408495,28.593363
16.154917,33.579742
14.580311,37.699177
25.151796,38.802334
33.10812,28.451883
21.52447,24.943989
22.407772,30.628412
9.794616,51.761738
52.74283,43.913166
3532.4338,27.815636
13.944393,51.371822
13.709315,63.47622
26.089703,60.04877
17.369972,68.52303
3107.9888,29.783499
29.28253,71.423386
3.409246,58.763836
34.515724,72.82744
,55.48692
7.3348656,74.4703
23.589918,69.592636
521.38416,65.75795
11.832776,37.258106
18.394241,67.5341
11.321256,48.78349
,62.98832
41.823166,69.96993
20.508543,45.86006
24.356878,70.46663
13.770978,33.493282
10.182736,56.95854
1632.8373,22.788115
245.42851,49.469883
280.21915,53.591415
30.523762,57.02337
860.46326,70.028305
,42.50218
6.0574884,67.916504
47.34502,58.292953
12.933135,51.169353
377.21918,38.83631
18.491035,63.356064
21.317104,51.303623
327.63528,33.07204
15.0903845,46.373196
1030.1757,39.98564
,41.77926
2412.3665,29.956625
38.778652,60.13603
15.534278,63.096043
34.299187,53.156094
30.489597,64.753365
,34.5816
72.869354,64.30743
898.40454,36.300144
,59.677418
18.542555,63.058186
49.49615,64.21353
28.977633,64.37062
13.404498,69.630165
45.382988,62.85908
15.902988,36.033463
16.842426,52.852543
,27.060598
81.424385,68.58753
1075.9307,43.144474
484.45734,44.075657
54.418285,57.549812
2.144909,66.81128
,41.918114
37.545513,57.403534
144.41936,56.115425
8.259744,51.663895
48.607796,59.599243
21.586622,62.079582
19.025976,54.38851
22.545008,72.525955
,43.574146
233.66592,47.732525
25.13895,56.988117
11.548208,52.520786
,55.39445
15.944101,59.437008
1476.9952,43.25681
2228.736,37.11972
,37.489864
13.749527,65.87347
18.600002,53.650707
20.086462,60.427452
94.047714,50.129044
12.231457,48.601357
32.1469,67.08638
585.53314,34.807068
973.93567,27.740847
6.0193086,41.72774
16.677994,57.48599
205.04597,61.25941
19.358868,50.481266
37.776096,57.366264
29.562637,63.01152
14.68936,69.934074
541.75793,9.595674
25.054794,63.972786
59.786736,75.983406
792.3131,29.967875
41.40725,73.351685
25.514372,43.505062
48.867935,54.932144
450.89078,41.8916
40.711548,62.77809
622.60864,47.98172
10.862919,53.92707
16.563066,57.846813
,21.738699
142.03482,62.99284
,38.89241
14.317902,59.068604
34.570404,70.61521
23.36768,68.75473
657.59015,60.514736
16.598095,75.64572
31.661884,65.96798
27.500381,66.76764
11.913368,51.61396
115.16997,55.85241
178.94733,54.44853
,47.93471
76.367424,42.356808
9.771567,39.363956
9.4897785,37.628002
33.457237,79.08478
340.93295,51.27904
67.12994,60.469536
37.451225,71.93957
,55.52464
26.637995,49.764236
627.305,35.334476
1090.0121,49.272327
39.540672,74.6417
24.359459,68.75929
117.00861,60.521187
3.7645962,67.23579
13.07266,58.57884
38.713764,63.813335
9.3822565,58.4988
10.341319,49.849957
251.32777,49.966297
1.817419,70.90408
33.930965,47.762722
8.057611,64.79001
1.2925955,60.64158
24.17793,61.899815
1.222836,73.13553
12.409082,66.677986
12.650748,42.80299
58.756237,47.732513
5.2880435,33.777214
324.2048,29.584778
171.7254,44.19332
6.79179,56.437912
4.1368084,54.02166
11.965363,62.015083
1.7432348,70.93249
22.32192,46.45102
2.9969954,57.622887
6.593388,44.099136
3.5142066,61.18268
170.04123,44.388706
9.798042,30.597761
23.547405,46.868988
2.5442848,50.675938
125.77471,41.643177
102.341576,53.14063
6.6103845,64.12302
126.20901,40.248844
5.3516183,50.543972
17.5137,60.953693
31.0877,43.797665
7.9436355,51.913708
21.886406,57.184963
18.674736,68.3558
125.49999,60.857033
18.890604,66.09694
10.876707,57.558266
100.74748,55.723495
129.22223,57.058956
10.522314,61.656296
10.528018,67.97499
9.879389,78.68607
26.592497,60.737274
9.900114,65.560165
9.596247,84.11319
13.396312,62.71308
14.344443,70.61988
134.48203,61.031544
9.301492,70.46
64.0837,61.99095
24.210926,65.8083
97.6966,52.05351
81.793045,56.040806
16.2153,71.67106
19.093147,66.2997
31.09731,70.284195
70.12037,57.363785
40.92188,64.64646
23.703203,60.419315
15.9232855,65.33156
57.115604,73.98905
33.122635,73.04951
24.397287,71.796364
102.10398,54.957806
10.990879,71.249
29.537657,65.62818
15.497219,68.84606
157.55095,61.494186
4.25874,66.169945
21.681782,65.708046
3.57083,62.539684
19.890488,72.89207
61.353844,68.87217
50.019566,72.70035
10.909614,64.90765
8.877798,79.129005
11.912527,60.66109
14.619423,64.80349
37.070194,66.44097
6.532555,71.14625
13.599377,72.248505
26.38111,73.28263
31.981625,63.828377
6.9219365,64.52588
17.709362,61.119972
9.415963,67.87589
89.12611,66.51133
18.257555,78.50123
11.688976,45.609035
2.7240906,34.328903
19.884262,51.188553
2.8415,37.38308
156.21944,50.90626
7.3843393,48.43231
6.7774096,53.285614
47.67341,55.8509
23.189127,50.261593
10.9948845,54.49989
27.604362,43.132706
10.724487,39.86469
152.5665,27.926907
37.77969,57.334698
4.5203276,46.477905
11.525411,34.13293
19.624624,47.459675
59.18856,43.127274
3.4267538,63.314064
51.244728,57.56667
3.4335778,47.289352
16.715319,43.035797
24.335655,41.20983
19.353878,60.392937
11.914871,34.69075
2.481725,50.070007
7.9004216,42.405132
55.431816,53.84298
12.809082,46.403713
85.353676,43.797943
7.3274,52.73011
92.39987,41.2412
10.222891,42.219955
8.675559,55.978416
12.247568,49.669712
21.019567,51.42864
32.852734,53.07556
10.395116,51.809345
12.818758,47.750954
4.508404,13.065694
307.78604,32.563923
19.032965,50.34479
12.659042,54.82283
11.227575,51.09164
106.09716,50.93098
29.868256,65.35975
11.57066,48.882225
26.767576,50.4127
17.84228,54.566406
32.85762,42.94585
4.2649484,49.98067
95.30776,48.18048
11.795453,41.86673
85.244545,38.282486
6.104229,51.996037
28.251024,40.666306
4.7399044,49.742096
17.823986,55.065727
35.07545,54.730354
44.278996,56.175438
8.110107,59.809788
15.018958,42.866806
14.096987,42.496063
8.138108,56.600323
68.615585,56.2653
7.206486,51.40791
116.88357,70.2794
259.6264,67.54925
26.455818,54.742897
14.847658,55.16487
111.42415,48.092773
35.70228,51.489628
3.2655156,51.327145
1.429519,83.10298
3.7169368,87.36196
0.7676471,66.315285
1.2520031,82.24071
0.9568501,87.94908
1.6781235,67.491615
2.3219755,74.13059
0.9256057,78.3616
0.7931971,81.78059
13.233479,62.738167
1.7090852,84.73491
5.4205127,71.17952
0.36582735,83.633385
1.5661819,79.33056
1.5903164,71.94311
4.453391,73.94311
0.8007552,81.90611
1.6054652,70.53704
1.9490752,43.888336
3.9048464,80.24512
1.4721113,79.143684
1.1547673,86.98736
